{"cameraMode":{"drawMode":0,"name":"Shaded","section":"Shading Mode"},"sceneLighting":true,"audioPlay":false,"sceneViewState":{"showFog":true,"showMaterialUpdate":true,"showSkybox":true,"showFlares":true,"showImageEffects":true,"showParticleSystems":true},"in2DMode":false,"pivot":{"x":-0.6384621858596802,"y":3.9972641468048097,"z":1.3142484426498414},"rotation":{"x":-0.17911694943904878,"y":0.15567420423030854,"z":-0.028715630993247033,"w":-0.971008837223053},"size":111.33506774902344,"orthographic":false}